{"cameraMode":{"drawMode":0,"name":"Shaded","section":"Shading Mode"},"sceneLighting":true,"audioPlay":false,"sceneViewState":{"showFog":true,"showMaterialUpdate":false,"showSkybox":true,"showFlares":true,"showImageEffects":true,"showParticleSystems":true},"in2DMode":false,"pivot":{"x":-0.3012029826641083,"y":0.947615385055542,"z":0.5687556862831116},"rotation":{"x":-0.19257992506027223,"y":0.015606514178216458,"z":-0.0031026850920170547,"w":-0.9811816215515137},"size":1.3124721050262452,"orthographic":false}